{"cameraMode":{"drawMode":0,"name":"Shaded","section":"Shading Mode"},"sceneLighting":true,"audioPlay":false,"sceneViewState":{"showFog":true,"showMaterialUpdate":false,"showSkybox":true,"showFlares":true,"showImageEffects":true,"showParticleSystems":true},"in2DMode":false,"pivot":{"x":573.3678588867188,"y":-314.1220703125,"z":-104.37466430664063},"rotation":{"x":0.008846443146467209,"y":0.9784470200538635,"z":-0.042892828583717349,"w":0.20180031657218934},"size":160.41436767578126,"orthographic":false}